timestamp	name	cpu	mem
2026-09-16T02:41:05.2793654+02:00	python-service-postgres-1	8.70%	135.4MiB / 7.633GiB
2026-09-16T02:41:05.2793654+02:00	python-service-redis-1	6.74%	16.78MiB / 7.633GiB
2026-09-16T02:41:05.2793654+02:00	python-service-lb-1	0.00%	14.78MiB / 7.633GiB
2026-09-16T02:41:05.2793654+02:00	python-service-prometheus-1	0.20%	24.91MiB / 7.633GiB
2026-09-16T02:41:05.2793654+02:00	python-service-app1-1	0.73%	66.98MiB / 7.633GiB
2026-09-16T02:41:05.2793654+02:00	python-service-app2-1	0.62%	93.98MiB / 7.633GiB
2026-09-16T02:41:05.2793654+02:00	python-service-app3-1	7.98%	67.64MiB / 7.633GiB
2026-09-16T02:41:05.2793654+02:00	python-service-locust-run-f18dce049dae	100.53%	31.35MiB / 7.633GiB
2026-09-16T02:41:05.2793654+02:00	host	80.7%	-
2026-09-16T02:41:15.7157423+02:00	python-service-locust-run-f18dce049dae	48.08%	45.94MiB / 7.633GiB
2026-09-16T02:41:15.7157423+02:00	python-service-postgres-1	19.77%	137.3MiB / 7.633GiB
2026-09-16T02:41:15.7157423+02:00	python-service-redis-1	18.24%	16.98MiB / 7.633GiB
2026-09-16T02:41:15.7157423+02:00	python-service-lb-1	22.83%	26.61MiB / 7.633GiB
2026-09-16T02:41:15.7157423+02:00	python-service-prometheus-1	0.29%	24.91MiB / 7.633GiB
2026-09-16T02:41:15.7157423+02:00	python-service-app1-1	37.76%	67.02MiB / 7.633GiB
2026-09-16T02:41:15.7157423+02:00	python-service-app2-1	39.62%	93.99MiB / 7.633GiB
2026-09-16T02:41:15.7157423+02:00	python-service-app3-1	36.60%	67.66MiB / 7.633GiB
2026-09-16T02:41:15.7157423+02:00	host	83.9%	-
2026-09-16T02:41:24.1865295+02:00	python-service-locust-run-f18dce049dae	98.63%	53MiB / 7.633GiB
2026-09-16T02:41:24.1865295+02:00	python-service-postgres-1	47.87%	137.7MiB / 7.633GiB
2026-09-16T02:41:24.1865295+02:00	python-service-redis-1	16.46%	17.36MiB / 7.633GiB
2026-09-16T02:41:24.1865295+02:00	python-service-lb-1	40.93%	34.17MiB / 7.633GiB
2026-09-16T02:41:24.1865295+02:00	python-service-prometheus-1	0.56%	24.91MiB / 7.633GiB
2026-09-16T02:41:24.1865295+02:00	python-service-app1-1	58.38%	67.26MiB / 7.633GiB
2026-09-16T02:41:24.1865295+02:00	python-service-app2-1	71.96%	94.02MiB / 7.633GiB
2026-09-16T02:41:24.1865295+02:00	python-service-app3-1	92.20%	67.7MiB / 7.633GiB
2026-09-16T02:41:24.1865295+02:00	host	91.4%	-
2026-09-16T02:41:32.2007414+02:00	python-service-locust-run-f18dce049dae	103.32%	55.27MiB / 7.633GiB
2026-09-16T02:41:32.2007414+02:00	python-service-postgres-1	32.08%	138MiB / 7.633GiB
2026-09-16T02:41:32.2007414+02:00	python-service-redis-1	22.38%	17.12MiB / 7.633GiB
2026-09-16T02:41:32.2007414+02:00	python-service-lb-1	49.47%	38.07MiB / 7.633GiB
2026-09-16T02:41:32.2007414+02:00	python-service-prometheus-1	1.75%	24.92MiB / 7.633GiB
2026-09-16T02:41:32.2007414+02:00	python-service-app1-1	56.80%	67MiB / 7.633GiB
2026-09-16T02:41:32.2007414+02:00	python-service-app2-1	62.13%	94.25MiB / 7.633GiB
2026-09-16T02:41:32.2007414+02:00	python-service-app3-1	59.75%	67.92MiB / 7.633GiB
2026-09-16T02:41:32.2007414+02:00	host	96.7%	-
2026-09-16T02:41:42.4870779+02:00	python-service-locust-run-f18dce049dae	10.05%	55.29MiB / 7.633GiB
2026-09-16T02:41:42.4870779+02:00	python-service-postgres-1	0.37%	138MiB / 7.633GiB
2026-09-16T02:41:42.4870779+02:00	python-service-redis-1	7.60%	17.15MiB / 7.633GiB
2026-09-16T02:41:42.4870779+02:00	python-service-lb-1	0.32%	38.18MiB / 7.633GiB
2026-09-16T02:41:42.4870779+02:00	python-service-prometheus-1	0.15%	24.92MiB / 7.633GiB
2026-09-16T02:41:42.4870779+02:00	python-service-app1-1	0.65%	66.98MiB / 7.633GiB
2026-09-16T02:41:42.4870779+02:00	python-service-app2-1	0.42%	93.98MiB / 7.633GiB
2026-09-16T02:41:42.4870779+02:00	python-service-app3-1	3.53%	67.64MiB / 7.633GiB
2026-09-16T02:41:42.4870779+02:00	host	82.7%	-
2026-09-16T02:41:50.9477990+02:00	python-service-locust-run-f18dce049dae	12.42%	55.28MiB / 7.633GiB
2026-09-16T02:41:50.9477990+02:00	python-service-postgres-1	0.00%	138MiB / 7.633GiB
2026-09-16T02:41:50.9477990+02:00	python-service-redis-1	7.93%	17.12MiB / 7.633GiB
2026-09-16T02:41:50.9477990+02:00	python-service-lb-1	0.29%	38.15MiB / 7.633GiB
2026-09-16T02:41:50.9477990+02:00	python-service-prometheus-1	0.16%	24.92MiB / 7.633GiB
2026-09-16T02:41:50.9477990+02:00	python-service-app1-1	1.00%	66.98MiB / 7.633GiB
2026-09-16T02:41:50.9477990+02:00	python-service-app2-1	0.31%	93.98MiB / 7.633GiB
2026-09-16T02:41:50.9477990+02:00	python-service-app3-1	2.27%	67.64MiB / 7.633GiB
2026-09-16T02:41:50.9477990+02:00	host	58.6%	-
2026-09-16T02:41:59.2113408+02:00	python-service-locust-run-f18dce049dae	8.33%	55.29MiB / 7.633GiB
2026-09-16T02:41:59.2113408+02:00	python-service-postgres-1	3.72%	138MiB / 7.633GiB
2026-09-16T02:41:59.2113408+02:00	python-service-redis-1	2.57%	17.07MiB / 7.633GiB
2026-09-16T02:41:59.2113408+02:00	python-service-lb-1	0.29%	38.15MiB / 7.633GiB
2026-09-16T02:41:59.2113408+02:00	python-service-prometheus-1	0.34%	24.92MiB / 7.633GiB
2026-09-16T02:41:59.2113408+02:00	python-service-app1-1	0.50%	66.98MiB / 7.633GiB
2026-09-16T02:41:59.2113408+02:00	python-service-app2-1	0.93%	93.98MiB / 7.633GiB
2026-09-16T02:41:59.2113408+02:00	python-service-app3-1	1.99%	67.64MiB / 7.633GiB
2026-09-16T02:41:59.2113408+02:00	host	88.6%	-
2026-09-16T02:42:06.8699783+02:00	python-service-locust-run-f18dce049dae	8.29%	55.29MiB / 7.633GiB
2026-09-16T02:42:06.8699783+02:00	python-service-postgres-1	5.49%	138.3MiB / 7.633GiB
2026-09-16T02:42:06.8699783+02:00	python-service-redis-1	3.05%	17.08MiB / 7.633GiB
2026-09-16T02:42:06.8699783+02:00	python-service-lb-1	0.17%	38.15MiB / 7.633GiB
2026-09-16T02:42:06.8699783+02:00	python-service-prometheus-1	0.37%	24.92MiB / 7.633GiB
2026-09-16T02:42:06.8699783+02:00	python-service-app1-1	0.88%	66.98MiB / 7.633GiB
2026-09-16T02:42:06.8699783+02:00	python-service-app2-1	1.10%	93.98MiB / 7.633GiB
2026-09-16T02:42:06.8699783+02:00	python-service-app3-1	2.34%	67.64MiB / 7.633GiB
2026-09-16T02:42:06.8699783+02:00	host	66.3%	-
2026-09-16T02:42:14.9430218+02:00	python-service-locust-run-f18dce049dae	9.38%	55.29MiB / 7.633GiB
2026-09-16T02:42:14.9430218+02:00	python-service-postgres-1	6.78%	138.2MiB / 7.633GiB
2026-09-16T02:42:14.9430218+02:00	python-service-redis-1	13.65%	17.12MiB / 7.633GiB
2026-09-16T02:42:14.9430218+02:00	python-service-lb-1	0.22%	38.15MiB / 7.633GiB
2026-09-16T02:42:14.9430218+02:00	python-service-prometheus-1	0.32%	24.93MiB / 7.633GiB
2026-09-16T02:42:14.9430218+02:00	python-service-app1-1	1.14%	66.98MiB / 7.633GiB
2026-09-16T02:42:14.9430218+02:00	python-service-app2-1	0.27%	93.98MiB / 7.633GiB
2026-09-16T02:42:14.9430218+02:00	python-service-app3-1	3.82%	67.64MiB / 7.633GiB
2026-09-16T02:42:14.9430218+02:00	host	55.8%	-
2026-09-16T02:42:23.3427658+02:00	python-service-locust-run-f18dce049dae	11.31%	55.29MiB / 7.633GiB
2026-09-16T02:42:23.3427658+02:00	python-service-postgres-1	1.23%	139.3MiB / 7.633GiB
2026-09-16T02:42:23.3427658+02:00	python-service-redis-1	3.40%	17.08MiB / 7.633GiB
2026-09-16T02:42:23.3427658+02:00	python-service-lb-1	0.23%	38.15MiB / 7.633GiB
2026-09-16T02:42:23.3427658+02:00	python-service-prometheus-1	0.09%	24.92MiB / 7.633GiB
2026-09-16T02:42:23.3427658+02:00	python-service-app1-1	0.40%	66.98MiB / 7.633GiB
2026-09-16T02:42:23.3427658+02:00	python-service-app2-1	0.75%	93.98MiB / 7.633GiB
2026-09-16T02:42:23.3427658+02:00	python-service-app3-1	3.27%	67.64MiB / 7.633GiB
2026-09-16T02:42:23.3427658+02:00	host	76.9%	-
2026-09-16T02:42:31.7098137+02:00	python-service-locust-run-f18dce049dae	10.50%	55.29MiB / 7.633GiB
2026-09-16T02:42:31.7098137+02:00	python-service-postgres-1	0.00%	138.1MiB / 7.633GiB
2026-09-16T02:42:31.7098137+02:00	python-service-redis-1	14.77%	17.07MiB / 7.633GiB
2026-09-16T02:42:31.7098137+02:00	python-service-lb-1	0.17%	38.15MiB / 7.633GiB
2026-09-16T02:42:31.7098137+02:00	python-service-prometheus-1	0.12%	24.92MiB / 7.633GiB
2026-09-16T02:42:31.7098137+02:00	python-service-app1-1	0.57%	66.98MiB / 7.633GiB
2026-09-16T02:42:31.7098137+02:00	python-service-app2-1	0.29%	93.98MiB / 7.633GiB
2026-09-16T02:42:31.7098137+02:00	python-service-app3-1	2.68%	67.64MiB / 7.633GiB
2026-09-16T02:42:31.7098137+02:00	host	57.9%	-
2026-09-16T02:42:39.5767234+02:00	python-service-locust-run-f18dce049dae	12.07%	55.29MiB / 7.633GiB
2026-09-16T02:42:39.5767234+02:00	python-service-postgres-1	11.91%	138.2MiB / 7.633GiB
2026-09-16T02:42:39.5767234+02:00	python-service-redis-1	3.59%	17.03MiB / 7.633GiB
2026-09-16T02:42:39.5767234+02:00	python-service-lb-1	0.25%	38.15MiB / 7.633GiB
2026-09-16T02:42:39.5767234+02:00	python-service-prometheus-1	2.95%	24.92MiB / 7.633GiB
2026-09-16T02:42:39.5767234+02:00	python-service-app1-1	0.77%	66.98MiB / 7.633GiB
2026-09-16T02:42:39.5767234+02:00	python-service-app2-1	1.04%	93.98MiB / 7.633GiB
2026-09-16T02:42:39.5767234+02:00	python-service-app3-1	3.60%	67.65MiB / 7.633GiB
2026-09-16T02:42:39.5767234+02:00	host	94.8%	-
2026-09-16T02:42:47.2325623+02:00	python-service-locust-run-f18dce049dae	8.84%	55.29MiB / 7.633GiB
2026-09-16T02:42:47.2325623+02:00	python-service-postgres-1	0.00%	138.1MiB / 7.633GiB
2026-09-16T02:42:47.2325623+02:00	python-service-redis-1	9.07%	17.05MiB / 7.633GiB
2026-09-16T02:42:47.2325623+02:00	python-service-lb-1	0.27%	38.15MiB / 7.633GiB
2026-09-16T02:42:47.2325623+02:00	python-service-prometheus-1	0.27%	24.92MiB / 7.633GiB
2026-09-16T02:42:47.2325623+02:00	python-service-app1-1	0.39%	66.98MiB / 7.633GiB
2026-09-16T02:42:47.2325623+02:00	python-service-app2-1	0.98%	93.98MiB / 7.633GiB
2026-09-16T02:42:47.2325623+02:00	python-service-app3-1	4.09%	67.64MiB / 7.633GiB
2026-09-16T02:42:47.2325623+02:00	host	52.7%	-
2026-09-16T02:42:56.2809733+02:00	python-service-locust-run-f18dce049dae	11.54%	55.29MiB / 7.633GiB
2026-09-16T02:42:56.2809733+02:00	python-service-postgres-1	9.42%	138.2MiB / 7.633GiB
2026-09-16T02:42:56.2809733+02:00	python-service-redis-1	4.68%	17.02MiB / 7.633GiB
2026-09-16T02:42:56.2809733+02:00	python-service-lb-1	0.80%	38.15MiB / 7.633GiB
2026-09-16T02:42:56.2809733+02:00	python-service-prometheus-1	0.14%	24.92MiB / 7.633GiB
2026-09-16T02:42:56.2809733+02:00	python-service-app1-1	0.41%	66.98MiB / 7.633GiB
2026-09-16T02:42:56.2809733+02:00	python-service-app2-1	0.42%	93.98MiB / 7.633GiB
2026-09-16T02:42:56.2809733+02:00	python-service-app3-1	5.99%	67.64MiB / 7.633GiB
2026-09-16T02:42:56.2809733+02:00	host	56.8%	-
2026-09-16T02:43:03.9207587+02:00	python-service-locust-run-f18dce049dae	10.79%	55.29MiB / 7.633GiB
2026-09-16T02:43:03.9207587+02:00	python-service-postgres-1	0.70%	138.2MiB / 7.633GiB
2026-09-16T02:43:03.9207587+02:00	python-service-redis-1	7.43%	17.03MiB / 7.633GiB
2026-09-16T02:43:03.9207587+02:00	python-service-lb-1	0.44%	38.15MiB / 7.633GiB
2026-09-16T02:43:03.9207587+02:00	python-service-prometheus-1	0.09%	24.92MiB / 7.633GiB
2026-09-16T02:43:03.9207587+02:00	python-service-app1-1	0.32%	66.98MiB / 7.633GiB
2026-09-16T02:43:03.9207587+02:00	python-service-app2-1	1.27%	93.98MiB / 7.633GiB
2026-09-16T02:43:03.9207587+02:00	python-service-app3-1	3.97%	67.64MiB / 7.633GiB
2026-09-16T02:43:03.9207587+02:00	host	73%	-
2026-09-16T02:43:11.6654445+02:00	python-service-locust-run-f18dce049dae	9.20%	55.29MiB / 7.633GiB
2026-09-16T02:43:11.6654445+02:00	python-service-postgres-1	0.00%	138.2MiB / 7.633GiB
2026-09-16T02:43:11.6654445+02:00	python-service-redis-1	6.83%	17.07MiB / 7.633GiB
2026-09-16T02:43:11.6654445+02:00	python-service-lb-1	0.25%	38.15MiB / 7.633GiB
2026-09-16T02:43:11.6654445+02:00	python-service-prometheus-1	0.13%	24.92MiB / 7.633GiB
2026-09-16T02:43:11.6654445+02:00	python-service-app1-1	0.76%	66.98MiB / 7.633GiB
2026-09-16T02:43:11.6654445+02:00	python-service-app2-1	0.26%	93.98MiB / 7.633GiB
2026-09-16T02:43:11.6654445+02:00	python-service-app3-1	2.36%	67.64MiB / 7.633GiB
2026-09-16T02:43:11.6654445+02:00	host	65.1%	-
2026-09-16T02:43:19.7006211+02:00	python-service-locust-run-f18dce049dae	9.05%	55.29MiB / 7.633GiB
2026-09-16T02:43:19.7006211+02:00	python-service-postgres-1	0.00%	138.2MiB / 7.633GiB
2026-09-16T02:43:19.7006211+02:00	python-service-redis-1	8.76%	17MiB / 7.633GiB
2026-09-16T02:43:19.7006211+02:00	python-service-lb-1	0.38%	38.15MiB / 7.633GiB
2026-09-16T02:43:19.7006211+02:00	python-service-prometheus-1	0.33%	24.92MiB / 7.633GiB
2026-09-16T02:43:19.7006211+02:00	python-service-app1-1	0.36%	66.98MiB / 7.633GiB
2026-09-16T02:43:19.7006211+02:00	python-service-app2-1	0.52%	93.98MiB / 7.633GiB
2026-09-16T02:43:19.7006211+02:00	python-service-app3-1	3.10%	67.64MiB / 7.633GiB
2026-09-16T02:43:19.7006211+02:00	host	59.3%	-
2026-09-16T02:43:28.0287302+02:00	python-service-locust-run-f18dce049dae	12.03%	55.29MiB / 7.633GiB
2026-09-16T02:43:28.0287302+02:00	python-service-postgres-1	4.02%	138.2MiB / 7.633GiB
2026-09-16T02:43:28.0287302+02:00	python-service-redis-1	10.58%	17.02MiB / 7.633GiB
2026-09-16T02:43:28.0287302+02:00	python-service-lb-1	0.37%	38.15MiB / 7.633GiB
2026-09-16T02:43:28.0287302+02:00	python-service-prometheus-1	1.92%	24.92MiB / 7.633GiB
2026-09-16T02:43:28.0287302+02:00	python-service-app1-1	0.50%	66.98MiB / 7.633GiB
2026-09-16T02:43:28.0287302+02:00	python-service-app2-1	1.03%	93.98MiB / 7.633GiB
2026-09-16T02:43:28.0287302+02:00	python-service-app3-1	5.83%	67.64MiB / 7.633GiB
2026-09-16T02:43:28.0287302+02:00	host	63.6%	-
2026-09-16T02:43:36.1047880+02:00	python-service-locust-run-f18dce049dae	15.10%	55.29MiB / 7.633GiB
2026-09-16T02:43:36.1047880+02:00	python-service-postgres-1	12.73%	138.2MiB / 7.633GiB
2026-09-16T02:43:36.1047880+02:00	python-service-redis-1	5.11%	17.24MiB / 7.633GiB
2026-09-16T02:43:36.1047880+02:00	python-service-lb-1	0.32%	34.54MiB / 7.633GiB
2026-09-16T02:43:36.1047880+02:00	python-service-prometheus-1	0.47%	24.92MiB / 7.633GiB
2026-09-16T02:43:36.1047880+02:00	python-service-app1-1	1.08%	66.98MiB / 7.633GiB
2026-09-16T02:43:36.1047880+02:00	python-service-app2-1	1.60%	93.98MiB / 7.633GiB
2026-09-16T02:43:36.1047880+02:00	python-service-app3-1	8.98%	67.64MiB / 7.633GiB
2026-09-16T02:43:36.1047880+02:00	host	74.4%	-
2026-09-16T02:43:44.1052921+02:00	python-service-locust-run-f18dce049dae	10.78%	55.29MiB / 7.633GiB
2026-09-16T02:43:44.1052921+02:00	python-service-postgres-1	0.01%	138.3MiB / 7.633GiB
2026-09-16T02:43:44.1052921+02:00	python-service-redis-1	13.71%	16.99MiB / 7.633GiB
2026-09-16T02:43:44.1052921+02:00	python-service-lb-1	0.39%	34.54MiB / 7.633GiB
2026-09-16T02:43:44.1052921+02:00	python-service-prometheus-1	0.30%	24.92MiB / 7.633GiB
2026-09-16T02:43:44.1052921+02:00	python-service-app1-1	0.82%	66.98MiB / 7.633GiB
2026-09-16T02:43:44.1052921+02:00	python-service-app2-1	0.79%	93.98MiB / 7.633GiB
2026-09-16T02:43:44.1052921+02:00	python-service-app3-1	5.51%	67.64MiB / 7.633GiB
2026-09-16T02:43:44.1052921+02:00	host	96.3%	-
2026-09-16T02:43:51.9617589+02:00	python-service-locust-run-f18dce049dae	8.16%	55.29MiB / 7.633GiB
2026-09-16T02:43:51.9617589+02:00	python-service-postgres-1	5.64%	138.3MiB / 7.633GiB
2026-09-16T02:43:51.9617589+02:00	python-service-redis-1	5.36%	17.01MiB / 7.633GiB
2026-09-16T02:43:51.9617589+02:00	python-service-lb-1	0.28%	34.54MiB / 7.633GiB
2026-09-16T02:43:51.9617589+02:00	python-service-prometheus-1	0.15%	24.92MiB / 7.633GiB
2026-09-16T02:43:51.9617589+02:00	python-service-app1-1	0.60%	66.98MiB / 7.633GiB
2026-09-16T02:43:51.9617589+02:00	python-service-app2-1	0.43%	93.98MiB / 7.633GiB
2026-09-16T02:43:51.9617589+02:00	python-service-app3-1	1.99%	67.64MiB / 7.633GiB
2026-09-16T02:43:51.9617589+02:00	host	51.4%	-
2026-09-16T02:43:59.5608641+02:00	python-service-locust-run-f18dce049dae	10.04%	55.29MiB / 7.633GiB
2026-09-16T02:43:59.5608641+02:00	python-service-postgres-1	0.01%	138.3MiB / 7.633GiB
2026-09-16T02:43:59.5608641+02:00	python-service-redis-1	2.74%	17.24MiB / 7.633GiB
2026-09-16T02:43:59.5608641+02:00	python-service-lb-1	0.26%	34.79MiB / 7.633GiB
2026-09-16T02:43:59.5608641+02:00	python-service-prometheus-1	0.53%	24.92MiB / 7.633GiB
2026-09-16T02:43:59.5608641+02:00	python-service-app1-1	0.76%	66.98MiB / 7.633GiB
2026-09-16T02:43:59.5608641+02:00	python-service-app2-1	1.10%	93.98MiB / 7.633GiB
2026-09-16T02:43:59.5608641+02:00	python-service-app3-1	1.95%	67.64MiB / 7.633GiB
2026-09-16T02:43:59.5608641+02:00	host	76.7%	-
2026-09-16T02:44:06.9973402+02:00	python-service-postgres-1	0.54%	138.3MiB / 7.633GiB
2026-09-16T02:44:06.9973402+02:00	python-service-redis-1	9.82%	16.98MiB / 7.633GiB
2026-09-16T02:44:06.9973402+02:00	python-service-lb-1	19.43%	33.83MiB / 7.633GiB
2026-09-16T02:44:06.9973402+02:00	python-service-prometheus-1	0.22%	24.92MiB / 7.633GiB
2026-09-16T02:44:06.9973402+02:00	python-service-app1-1	1.04%	66.98MiB / 7.633GiB
2026-09-16T02:44:06.9973402+02:00	python-service-app2-1	1.69%	94.21MiB / 7.633GiB
2026-09-16T02:44:06.9973402+02:00	python-service-app3-1	6.28%	67.64MiB / 7.633GiB
2026-09-16T02:44:06.9973402+02:00	host	94.4%	-
2026-09-16T02:44:15.3030487+02:00	python-service-postgres-1	9.23%	138.3MiB / 7.633GiB
2026-09-16T02:44:15.3030487+02:00	python-service-redis-1	5.90%	17.01MiB / 7.633GiB
2026-09-16T02:44:15.3030487+02:00	python-service-lb-1	0.00%	33.8MiB / 7.633GiB
2026-09-16T02:44:15.3030487+02:00	python-service-prometheus-1	0.15%	25.17MiB / 7.633GiB
2026-09-16T02:44:15.3030487+02:00	python-service-app1-1	0.37%	66.98MiB / 7.633GiB
2026-09-16T02:44:15.3030487+02:00	python-service-app2-1	0.32%	94.21MiB / 7.633GiB
2026-09-16T02:44:15.3030487+02:00	python-service-app3-1	2.85%	67.64MiB / 7.633GiB
2026-09-16T02:44:15.3030487+02:00	host	55.6%	-
2026-09-16T02:44:23.6373871+02:00	python-service-postgres-1	5.97%	138.3MiB / 7.633GiB
2026-09-16T02:44:23.6373871+02:00	python-service-redis-1	8.90%	17.04MiB / 7.633GiB
2026-09-16T02:44:23.6373871+02:00	python-service-lb-1	0.00%	33.8MiB / 7.633GiB
2026-09-16T02:44:23.6373871+02:00	python-service-prometheus-1	0.19%	24.92MiB / 7.633GiB
2026-09-16T02:44:23.6373871+02:00	python-service-app1-1	0.48%	66.98MiB / 7.633GiB
2026-09-16T02:44:23.6373871+02:00	python-service-app2-1	0.91%	94.21MiB / 7.633GiB
2026-09-16T02:44:23.6373871+02:00	python-service-app3-1	3.76%	67.65MiB / 7.633GiB
2026-09-16T02:44:23.6373871+02:00	host	100%	-
2026-09-16T02:44:31.7142622+02:00	python-service-postgres-1	4.32%	138.5MiB / 7.633GiB
2026-09-16T02:44:31.7142622+02:00	python-service-redis-1	5.73%	18.48MiB / 7.633GiB
2026-09-16T02:44:31.7142622+02:00	python-service-lb-1	0.00%	33.8MiB / 7.633GiB
2026-09-16T02:44:31.7142622+02:00	python-service-prometheus-1	0.10%	24.92MiB / 7.633GiB
2026-09-16T02:44:31.7142622+02:00	python-service-app1-1	0.40%	66.98MiB / 7.633GiB
2026-09-16T02:44:31.7142622+02:00	python-service-app2-1	0.39%	94.21MiB / 7.633GiB
2026-09-16T02:44:31.7142622+02:00	python-service-app3-1	2.70%	67.64MiB / 7.633GiB
2026-09-16T02:44:31.7142622+02:00	host	75.2%	-
2026-09-16T02:44:39.7170412+02:00	python-service-postgres-1	0.00%	138.5MiB / 7.633GiB
2026-09-16T02:44:39.7170412+02:00	python-service-redis-1	10.75%	17.01MiB / 7.633GiB
2026-09-16T02:44:39.7170412+02:00	python-service-lb-1	0.00%	33.8MiB / 7.633GiB
2026-09-16T02:44:39.7170412+02:00	python-service-prometheus-1	0.29%	24.92MiB / 7.633GiB
2026-09-16T02:44:39.7170412+02:00	python-service-app1-1	0.43%	66.98MiB / 7.633GiB
2026-09-16T02:44:39.7170412+02:00	python-service-app2-1	0.91%	94.21MiB / 7.633GiB
2026-09-16T02:44:39.7170412+02:00	python-service-app3-1	2.81%	67.64MiB / 7.633GiB
2026-09-16T02:44:39.7170412+02:00	host	57.5%	-
2026-09-16T02:44:48.3079942+02:00	python-service-postgres-1	0.00%	138.5MiB / 7.633GiB
2026-09-16T02:44:48.3079942+02:00	python-service-redis-1	3.38%	16.96MiB / 7.633GiB
2026-09-16T02:44:48.3079942+02:00	python-service-lb-1	0.00%	33.8MiB / 7.633GiB
2026-09-16T02:44:48.3079942+02:00	python-service-prometheus-1	0.37%	24.93MiB / 7.633GiB
2026-09-16T02:44:48.3079942+02:00	python-service-app1-1	0.33%	66.98MiB / 7.633GiB
2026-09-16T02:44:48.3079942+02:00	python-service-app2-1	0.35%	94.21MiB / 7.633GiB
2026-09-16T02:44:48.3079942+02:00	python-service-app3-1	3.52%	67.64MiB / 7.633GiB
2026-09-16T02:44:48.3079942+02:00	host	65.3%	-
2026-09-16T02:44:55.8632892+02:00	python-service-postgres-1	0.00%	138.5MiB / 7.633GiB
2026-09-16T02:44:55.8632892+02:00	python-service-redis-1	12.62%	17.03MiB / 7.633GiB
2026-09-16T02:44:55.8632892+02:00	python-service-lb-1	0.00%	33.8MiB / 7.633GiB
2026-09-16T02:44:55.8632892+02:00	python-service-prometheus-1	0.11%	24.92MiB / 7.633GiB
2026-09-16T02:44:55.8632892+02:00	python-service-app1-1	0.30%	66.98MiB / 7.633GiB
2026-09-16T02:44:55.8632892+02:00	python-service-app2-1	0.35%	94.21MiB / 7.633GiB
2026-09-16T02:44:55.8632892+02:00	python-service-app3-1	2.01%	67.89MiB / 7.633GiB
2026-09-16T02:44:55.8632892+02:00	host	63.6%	-
2026-09-16T02:45:03.8804349+02:00	python-service-postgres-1	3.44%	138.5MiB / 7.633GiB
2026-09-16T02:45:03.8804349+02:00	python-service-redis-1	5.44%	17MiB / 7.633GiB
2026-09-16T02:45:03.8804349+02:00	python-service-lb-1	0.00%	33.8MiB / 7.633GiB
2026-09-16T02:45:03.8804349+02:00	python-service-prometheus-1	0.12%	24.92MiB / 7.633GiB
2026-09-16T02:45:03.8804349+02:00	python-service-app1-1	0.41%	66.98MiB / 7.633GiB
2026-09-16T02:45:03.8804349+02:00	python-service-app2-1	0.63%	94.21MiB / 7.633GiB
2026-09-16T02:45:03.8804349+02:00	python-service-app3-1	2.16%	67.64MiB / 7.633GiB
2026-09-16T02:45:03.8804349+02:00	host	67%	-
2026-09-16T02:45:11.6616487+02:00	python-service-postgres-1	3.95%	138.5MiB / 7.633GiB
2026-09-16T02:45:11.6616487+02:00	python-service-redis-1	2.78%	16.96MiB / 7.633GiB
2026-09-16T02:45:11.6616487+02:00	python-service-lb-1	0.00%	33.8MiB / 7.633GiB
2026-09-16T02:45:11.6616487+02:00	python-service-prometheus-1	0.12%	24.93MiB / 7.633GiB
2026-09-16T02:45:11.6616487+02:00	python-service-app1-1	0.25%	66.98MiB / 7.633GiB
2026-09-16T02:45:11.6616487+02:00	python-service-app2-1	0.29%	94.21MiB / 7.633GiB
2026-09-16T02:45:11.6616487+02:00	python-service-app3-1	2.51%	67.64MiB / 7.633GiB
2026-09-16T02:45:11.6616487+02:00	host	51.2%	-
2026-09-16T02:45:19.9316874+02:00	python-service-postgres-1	0.15%	138.5MiB / 7.633GiB
2026-09-16T02:45:19.9316874+02:00	python-service-redis-1	2.92%	17.2MiB / 7.633GiB
2026-09-16T02:45:19.9316874+02:00	python-service-lb-1	0.00%	33.8MiB / 7.633GiB
2026-09-16T02:45:19.9316874+02:00	python-service-prometheus-1	0.24%	24.92MiB / 7.633GiB
2026-09-16T02:45:19.9316874+02:00	python-service-app1-1	0.32%	66.98MiB / 7.633GiB
2026-09-16T02:45:19.9316874+02:00	python-service-app2-1	0.73%	94.21MiB / 7.633GiB
2026-09-16T02:45:19.9316874+02:00	python-service-app3-1	3.01%	67.64MiB / 7.633GiB
2026-09-16T02:45:19.9316874+02:00	host	41.8%	-
2026-09-16T02:45:28.1894805+02:00	python-service-postgres-1	0.02%	138.6MiB / 7.633GiB
2026-09-16T02:45:28.1894805+02:00	python-service-redis-1	2.35%	16.95MiB / 7.633GiB
2026-09-16T02:45:28.1894805+02:00	python-service-lb-1	0.00%	33.8MiB / 7.633GiB
2026-09-16T02:45:28.1894805+02:00	python-service-prometheus-1	0.26%	24.93MiB / 7.633GiB
2026-09-16T02:45:28.1894805+02:00	python-service-app1-1	0.37%	66.98MiB / 7.633GiB
2026-09-16T02:45:28.1894805+02:00	python-service-app2-1	0.26%	94.21MiB / 7.633GiB
2026-09-16T02:45:28.1894805+02:00	python-service-app3-1	1.83%	67.64MiB / 7.633GiB
2026-09-16T02:45:28.1894805+02:00	host	40.9%	-
2026-09-16T02:45:35.8386286+02:00	python-service-postgres-1	0.02%	138.6MiB / 7.633GiB
2026-09-16T02:45:35.8386286+02:00	python-service-redis-1	8.84%	17.21MiB / 7.633GiB
2026-09-16T02:45:35.8386286+02:00	python-service-lb-1	0.00%	33.8MiB / 7.633GiB
2026-09-16T02:45:35.8386286+02:00	python-service-prometheus-1	0.10%	24.92MiB / 7.633GiB
2026-09-16T02:45:35.8386286+02:00	python-service-app1-1	0.55%	66.98MiB / 7.633GiB
2026-09-16T02:45:35.8386286+02:00	python-service-app2-1	0.32%	94.21MiB / 7.633GiB
2026-09-16T02:45:35.8386286+02:00	python-service-app3-1	3.19%	67.64MiB / 7.633GiB
2026-09-16T02:45:35.8386286+02:00	host	39.6%	-
2026-09-16T02:45:43.8099667+02:00	python-service-postgres-1	3.58%	138.6MiB / 7.633GiB
2026-09-16T02:45:43.8099667+02:00	python-service-redis-1	4.93%	16.98MiB / 7.633GiB
2026-09-16T02:45:43.8099667+02:00	python-service-lb-1	0.00%	21.12MiB / 7.633GiB
2026-09-16T02:45:43.8099667+02:00	python-service-prometheus-1	0.09%	24.92MiB / 7.633GiB
2026-09-16T02:45:43.8099667+02:00	python-service-app1-1	0.39%	66.98MiB / 7.633GiB
2026-09-16T02:45:43.8099667+02:00	python-service-app2-1	0.47%	94.21MiB / 7.633GiB
2026-09-16T02:45:43.8099667+02:00	python-service-app3-1	1.84%	67.64MiB / 7.633GiB
2026-09-16T02:45:43.8099667+02:00	host	69.5%	-
2026-09-16T02:45:51.6858071+02:00	python-service-postgres-1	3.72%	138.6MiB / 7.633GiB
2026-09-16T02:45:51.6858071+02:00	python-service-redis-1	6.70%	17MiB / 7.633GiB
2026-09-16T02:45:51.6858071+02:00	python-service-lb-1	0.00%	21.12MiB / 7.633GiB
2026-09-16T02:45:51.6858071+02:00	python-service-prometheus-1	0.11%	24.92MiB / 7.633GiB
2026-09-16T02:45:51.6858071+02:00	python-service-app1-1	0.46%	66.98MiB / 7.633GiB
2026-09-16T02:45:51.6858071+02:00	python-service-app2-1	0.73%	94.21MiB / 7.633GiB
2026-09-16T02:45:51.6858071+02:00	python-service-app3-1	2.78%	67.64MiB / 7.633GiB
2026-09-16T02:45:51.6858071+02:00	host	58.9%	-
2026-09-16T02:45:59.7678826+02:00	python-service-postgres-1	6.72%	138.6MiB / 7.633GiB
2026-09-16T02:45:59.7678826+02:00	python-service-redis-1	6.84%	17MiB / 7.633GiB
2026-09-16T02:45:59.7678826+02:00	python-service-lb-1	0.04%	21.12MiB / 7.633GiB
2026-09-16T02:45:59.7678826+02:00	python-service-prometheus-1	0.49%	24.93MiB / 7.633GiB
2026-09-16T02:45:59.7678826+02:00	python-service-app1-1	0.68%	66.98MiB / 7.633GiB
2026-09-16T02:45:59.7678826+02:00	python-service-app2-1	0.91%	94.21MiB / 7.633GiB
2026-09-16T02:45:59.7678826+02:00	python-service-app3-1	1.67%	67.64MiB / 7.633GiB
2026-09-16T02:45:59.7678826+02:00	host	54.9%	-
